Titre,Auteur,Nombre d'exemplaires
Les misérables,Victor Hugo,1
Notre Dame de Paris,Victor Hugo,2
Quatrevingt-treize,Victor Hugo,0
Harry Potter à l'école des sorciers,J. K. Rowling,2
Harry Potter et la chambre des secrets,J. K. Rowling,1
Harry Potter et le prisonnier d'Azkaban,J. K. Rowling,0
Harry Potter et la coupe de feu,J. K. Rowling,3
Harry Potter et l’ordre du phoenix,J. K. Rowling,1
Harry Potter et le prince de sang-mélé,J. K. Rowling,0
Harry Potter et les reliques de la mort,J. K. Rowling,2
PHP pour les nuls,Laure Dinateur,5