Nom,Prénom,Pays,Naissance,Mort,Invention
Bell,Alexander Graham,Ecosse,1847,1922,téléphone
Berners-Lee,Timothee,Angleterre,1955,,HTML
Boole,George,Angleterre,1815,1864,algèbre de Boole
Dijkstra,Edsger Wybe,Pays-Bas,1930,2002,algorithme du plus court chemin
Gates,Bill,Etats-Unis,1955,,Microsoft
Hopper,Grace,Etats-Unis,1906,1992,premier compilateur et langage COBOL
Jobs,Steve,Etats-Unis,1955,2011,Apple
Krivine,Jean-Louis,France,1939,,Lambda-calcul
Von Neumann,John,Hongrie,1903,1957,architecture des ordinateurs
Shannon,Claude,Etats-Unis,1916,2001,théorie de l'information
Torvalds,Linus,Finlande,1969,,Linux
Turing,Alan,Angleterre,1912,1954,intelligence artificielle